Variant,Pgen,LL
Ab_27_UCA>VH:H100D-GAT,4.3645e-18,-39.97302804
C118_UCA>VH:S31N-AAC;V93I-ATT;V107V-GTC,1.06151e-20,-45.99200944
Ab_27_UCA>VH:K101Q-CAG,3.0611400000000003e-18,-40.32774428
Ab_27_UCA>VH:K101M-ATG,3.63666e-18,-40.155466
C118_UCA>VH:S31N-AAC;V93I-ATT,4.6341599999999994e-21,-46.820832
C118_UCA>VH:S31N-AAC;V93I-ATT;F106I-ATT,2.45618e-21,-47.45567966
C118_UCA>VH:S31N-AAC;V93I-ATT;R108G-GGG,1.91708e-20,-45.40089866
C118_UCA>VH:S31N-AAC;V93I-ATT;F106L-TTG,6.823379999999999e-21,-46.433932
C118_UCA>VH:S31N-AAC;V93I-ATT;F106Y-TAT,2.45606e-21,-47.45572851
C118_UCA>VH:S31N-AAC;V93I-ATT;G109W-TGG,1.24024e-21,-48.13898204
002S21F2_UCA>VH:WT,1.52725e-21,-47.93081822
CC631_UCA>VH:S105C-TGT,5.799489999999999e-20,-44.29393188
Ab_217_UCA>VH:Y102D-GAT,6.642810000000001e-24,-53.36850717
002S21F2_UCA>VH:G100L-CTA;V105T-ACA;F106*-TAA;G107I-ATT,4.1671599999999997e-20,-44.62446711
002S21F2_UCA>VH:S119S-TCC,1.52725e-21,-47.93081822
Ab_217_UCA>VH:WT,1.93209e-23,-52.30085482
002S21F2_UCA>VH:F106L-TTA,1.4518099999999998e-21,-47.9814759
002S21F2_UCA>VH:G107V-GTT,5.42509e-21,-46.66325246
CC631_UCA>VH:WT,2.48556e-21,-47.44378897
002S21F2_UCA>VH:F106F-TTT,1.80462e-21,-47.76393691
Ab_217_UCA>VH:G101C-TGC,7.438240000000001e-23,-50.95282288
002S21F2_UCA>VH:V105L-TTG,2.34048e-21,-47.50393092
Ab_27_UCA>VH:H100L-CTT;K101Q-CAG;I102R-AGA;I105M-ATG,2.4537e-18,-40.54893458
CC631_UCA>VH:S105R-AGG,5.306099999999999e-21,-46.68542985
C118_UCA>VH:S31N-AAC;V93I-ATT;R108W-TGG,5.13086e-21,-46.71901367
C118_UCA>VH:S31N-AAC;V93I-ATT;V107G-GGG,1.7314899999999997e-20,-45.50271955
002S21F2_UCA>VH:F106L-CTC,1.50085e-21,-47.94825534
Ab_27_UCA>VH:WT,5.07248e-18,-39.82270182
002S21F2_UCA>VH:G100V-GTA;V105*-TGA;F106N-AAT;G107A-GCT,4.66044e-22,-49.11776218
C118_UCA>VH:S31N-AAC;V93I-ATT;G109V-GTG,1.2404299999999999e-21,-48.13882886
C118_UCA>VH:S31N-AAC;V93I-ATT;F106I-ATT;R108R-CGT;G109E-GAG,2.02079e-22,-49.95338352
Ab_217_UCA>VH:G99G-GGG;V100L-CTG;G101A-GCG;Y102S-AGT,8.4151e-24,-53.13201452
Ab_27_UCA>VH:I105S-AGT,4.47525e-18,-39.94796946
002S21F2_UCA>VH:F106S-TCC;S119S-TCC,3.36367e-21,-47.14125431
Ab_217_UCA>VH:I106M-ATG,8.68981e-24,-53.09989116
C118_UCA>VH:S31N-AAC;V93I-ATT;V107L-TTG,7.98723e-21,-46.27644294
C118_UCA>VH:S31N-AAC;V93I-ATT;D104N-AAT;G109W-TGG,2.45384e-22,-49.7592179
Ab_27_UCA>VH:I105N-AAT,1.94375e-18,-40.78191258
Ab_217_UCA>VH:G101G-GGT,2.03951e-23,-52.24674756
Ab_217_UCA>VH:G99G-GGC;V100D-GAT;G101H-CAC;Y102F-TTT,4.0848099999999998e-22,-49.24959683
Ab_217_UCA>VH:Y102F-TTT,1.2085099999999999e-21,-48.16489876
Ab_217_UCA>VH:S123S-TCT,1.93209e-23,-52.30085482
Ab_217_UCA>VH:V100G-GGC,2.97248e-23,-51.87006052
Ab_217_UCA>VH:G99E-GAA,2.1571800000000002e-23,-52.19065533
CC631_UCA>VH:W99L-CTT;S105L-CTG;I106V-GTT,2.1191e-19,-42.9981253
002S21F2_UCA>VH:G100R-CGA;V105K-AAA;F106*-TAA;G107S-AGT,1.70319e-20,-45.5191989
002S21F2_UCA>VH:G107R-CGT,1.43255e-21,-47.99483088
Ab_217_UCA>VH:P107S-TCC,7.038010000000001e-24,-53.31071677
CC631_UCA>VH:W99D-GAT;S105F-TTT;I106F-TTT,4.98737e-17,-37.53703786
002S21F2_UCA>VH:G100V-GTA,7.94133e-22,-48.58479128
C118_UCA>VH:S31N-AAC;V93I-ATT;G109G-GGC,1.46419e-21,-47.97298476
Ab_217_UCA>VH:G99D-GAT;V100I-ATT;G101R-AGA;Y102S-TCT,4.06186e-23,-51.55781614
Ab_27_UCA>VH:I105M-ATG,3.1007800000000002e-18,-40.31487798
C118_UCA>VH:S31N-AAC;V93I-ATT;R108R-CGA,1.4216999999999999e-21,-48.00243361
C118_UCA>VH:S31N-AAC;V93I-ATT;F106V-GTT,2.8818999999999996e-21,-47.29583715
Ab_27_UCA>VH:K101E-GAG,4.71929e-18,-39.89487331
C118_UCA>VH:S31N-AAC;V93I-ATT;R108R-CGC,1.12018e-21,-48.24079757
C118_UCA>VH:S31N-AAC;V93I-ATT;G118D-GAC,4.6341599999999994e-21,-46.820832
C118_UCA>VH:S31N-AAC;V93I-ATT;G109A-GCG,1.12055e-21,-48.24046732
C118_UCA>VH:S31N-AAC;V93I-ATT;V107E-GAG,5.31218e-21,-46.68428466
C118_UCA>VH:S31N-AAC;V93I-ATT;R108Q-CAG,2.0628099999999998e-21,-47.63021782
Ab_217_UCA>VH:G99G-GGC;V100G-GGA;G101P-CCT;Y102D-GAT,8.73526e-24,-53.09467452
CC631_UCA>VH:S105G-GGT,6.99313e-21,-46.40935871
Ab_217_UCA>VH:V100V-GTT,1.9096600000000002e-23,-52.31253192
002S21F2_UCA>VH:G100R-AGA,8.47512e-22,-48.51973723
002S21F2_UCA>VH:V105V-GTT,4.3709699999999994e-21,-46.879302
Ab_217_UCA>VH:G99G-GGG,5.19781e-23,-51.31121976
002S21F2_UCA>VH:G100E-GAA,8.85669e-22,-48.47569894
002S21F2_UCA>VH:G107C-TGT,1.52811e-21,-47.93025528
Ab_217_UCA>VH:L108L-CTC,2.4180200000000002e-23,-52.07650812
002S21F2_UCA>VH:F106V-GTC,9.567179999999999e-21,-46.09594846
CC631_UCA>VH:I106F-TTT,1.89969e-20,-45.41001114
Ab_217_UCA>VH:G101G-GGG,1.38775e-23,-52.63177341
Ab_217_UCA>VH:V100F-TTC,1.85352e-23,-52.3423706
Ab_217_UCA>VH:L108L-CTT,1.99888e-23,-52.26687012
Ab_217_UCA>VH:L108Q-CAA,2.05017e-23,-52.24153442
Ab_217_UCA>VH:G99G-GGT;V100V-GTA;G101G-GGG;Y102I-ATT,3.95974e-21,-46.97810859
002S21F2_UCA>VH:F106Y-TAC,9.48589e-22,-48.40706661
Ab_217_UCA>VH:G99A-GCT;V100V-GTG;G101S-TCT;Y102F-TTT,2.4098199999999997e-22,-49.77731999
002S21F2_UCA>VH:G100S-TCA;V105T-ACT;F106L-CTT;G107Y-TAT,7.41453e-22,-48.65343046
Ab_217_UCA>VH:V100I-ATC,1.78255e-23,-52.38141222
Ab_27_UCA>VH:I102M-ATG,1.71962e-17,-38.60184324
Ab_27_UCA>VH:I102R-AGA,5.3319700000000006e-18,-39.7728109
C118_UCA>VH:S31N-AAC;V93I-ATT;F106S-TCT;V107V-GTC;G109R-AGG,2.20692e-21,-47.56268907
Ab_217_UCA>VH:G101G-GGA,7.934920000000001e-24,-53.19076896
Ab_217_UCA>VH:G99A-GCA,5.43921e-24,-53.5684084
002S21F2_UCA>VH:G100L-TTA;V105L-TTG;F106G-GGC;G107C-TGT;S119S-TCC,2.25832e-21,-47.53966578
Ab_217_UCA>VH:V100A-GCC,2.7158100000000003e-23,-51.96036689
Ab_217_UCA>VH:Y102S-TCT,6.613820000000001e-24,-53.37288083
002S21F2_UCA>VH:V105M-ATG,1.3681999999999999e-21,-48.04079095
002S21F2_UCA>VH:D74N-AAC;S119S-TCC,1.52725e-21,-47.93081822
002S21F2_UCA>VH:V105Y-TAT;F106L-TTA;G107L-CTT,1.43957e-17,-38.77960212
C118_UCA>VH:S31N-AAC;V93I-ATT;R108P-CCG,4.29386e-21,-46.89710086
002S21F2_UCA>VH:G100R-CGA;V105M-ATG,1.3521499999999999e-20,-45.75000594
Ab_27_UCA>VH:K101N-AAC,3.25065e-18,-40.2676767
C118_UCA>VH:S31N-AAC;V93I-ATT;D110Y-TAC,1.8800499999999998e-20,-45.42040349
Ab_217_UCA>VH:I106I-ATA,1.8806e-23,-52.32786626
Ab_27_UCA>VH:H100Q-CAG,2.02909e-17,-38.43635916
Ab_217_UCA>VH:G99G-GGG;V100L-CTG;G101L-TTG;Y102D-GAT;L108P-CCA,1.9930099999999999e-22,-49.96722599
002S21F2_UCA>VH:G107V-GTT;S119S-TCC,5.42535e-21,-46.66320454
002S21F2_UCA>VH:G107S-AGT,6.87729e-22,-48.72864737
002S21F2_UCA>VH:F106L-TTG,2.5646599999999997e-21,-47.41246104
Ab_27_UCA>VH:I102K-AAA,5.689340000000001e-18,-39.70793743
C118_UCA>VH:S31N-AAC;V93I-ATT;R108L-CTG,2.42416e-21,-47.46880188
Ab_217_UCA>VH:I106M-ATG;P107S-TCT;L108L-TTG,2.90962e-24,-54.19401974
C118_UCA>VH:S31N-AAC;V93I-ATT;F106C-TGT,2.68854e-21,-47.36528866
Ab_27_UCA>VH:H100E-GAA;K101M-ATG;I102L-CTT;I105S-AGT,7.29909e-18,-39.45878199
002S21F2_UCA>VH:F106C-TGC;V116I-ATC,9.05909e-22,-48.45310337
Ab_217_UCA>VH:Y102N-AAT,4.993730000000001e-24,-53.65385911
Ab_27_UCA>VH:H100P-CCT,1.17004e-17,-38.98690864
C118_UCA>VH:S31N-AAC;V93I-ATT;F106S-TCT,3.1403599999999997e-21,-47.20994951
CC631_UCA>VH:W99C-TGC,1.9818999999999998e-21,-47.67023097
Ab_217_UCA>VH:G99V-GTA,9.059790000000001e-24,-53.05819629
002S21F2_UCA>VH:V105A-GCG,1.4031999999999998e-21,-48.01553161
Ab_217_UCA>VH:V100V-GTG,3.08548e-23,-51.8327499
002S21F2_UCA>VH:G100A-GCA,5.29017e-22,-48.99102166
Ab_27_UCA>VH:I105I-ATC,8.777270000000001e-18,-39.27436625
Ab_217_UCA>VH:V100L-CTC,1.65975e-23,-52.45279015
C118_UCA>VH:S31N-AAC;V93I-ATT;F106V-GTC;V107G-GGG;R108G-GGG;G109A-GCG;D110H-CAC,3.5590599999999995e-21,-47.08479049
002S21F2_UCA>VH:A10A-GCG;V105L-TTG,2.34048e-21,-47.50393092
Ab_27_UCA>VH:I102I-ATT,4.97951e-18,-39.84120018
Ab_27_UCA>VH:K101N-AAT,5.12642e-18,-39.81212411
Ab_217_UCA>VH:P107H-CAC,5.76515e-24,-53.51021106
Ab_27_UCA>VH:H100N-AAT,1.84887e-17,-38.52937194
C118_UCA>VH:S31N-AAC;V93I-ATT;V107L-TTG;G109V-GTG,2.1380199999999997e-21,-47.59440679
Ab_27_UCA>VH:H100E-GAG;I102L-TTA,1.07327e-17,-39.07323652
Ab_27_UCA>VH:H100R-CGT,7.58977e-18,-39.41973039
Ab_217_UCA>VH:G101C-TGC;I106I-ATA;P107W-TGG;L108R-AGG,2.12333e-23,-52.20647153
CC631_UCA>VH:S105R-CGT,2.81959e-21,-47.31769547
Ab_217_UCA>VH:L108R-CGA,2.12623e-23,-52.20510668
Ab_217_UCA>VH:P107T-ACC,5.7872600000000005e-24,-53.50638328
Ab_217_UCA>VH:G101S-AGC,1.36018e-23,-52.65184009
Ab_217_UCA>VH:L108P-CCA,2.8590300000000003e-23,-51.90897473
002S21F2_UCA>VH:V105E-GAG,2.8980000000000002e-21,-47.29026611
002S21F2_UCA>VH:G107C-TGT;S119S-TCC,1.52793e-21,-47.93037307
002S21F2_UCA>VH:V105L-CTG,2.9369099999999998e-21,-47.27692894
Ab_217_UCA>VH:P107R-CGC,5.43934e-24,-53.5683845
Ab_217_UCA>VH:L108R-CGA;S123S-TCT,2.12623e-23,-52.20510668
Ab_27_UCA>VH:I102L-CTA,1.21876e-17,-38.94611263
C118_UCA>VH:S31N-AAC;V93I-ATT;F106Y-TAT;V107L-CTC;R108Q-CAG;G109W-TGG,7.82882e-22,-48.59906025
C118_UCA>VH:S31N-AAC;V93I-ATT;G109G-GGT,1.27703e-21,-48.10974988
Ab_217_UCA>VH:P107P-CCG,5.43978e-24,-53.56830361
CC631_UCA>VH:S105I-ATT,2.76569e-21,-47.3369968
002S21F2_UCA>VH:F106S-TCC,3.36367e-21,-47.14125431
C118_UCA>VH:S31N-AAC;V93I-ATT;V107E-GAG;R108R-CGA,1.6296999999999999e-21,-47.865891
Ab_217_UCA>VH:T69T-ACC;I70M-ATG;A72R-AGG;E74T-ACG;A79V-GTC;S88S-TCT;I106I-ATT,1.24263e-21,-48.13705685
CC631_UCA>VH:W99C-TGT;S105N-AAT,1.01539e-19,-43.73384399
Ab_27_UCA>VH:I105F-TTT,2.2415500000000002e-18,-40.63936408
C118_UCA>VH:S31N-AAC;V93I-ATT;V107M-ATG,4.23344e-21,-46.91127205
Ab_27_UCA>VH:L114L-CTA,5.072850000000001e-18,-39.82262888
C118_UCA>VH:S31N-AAC;V93I-ATT;F106F-TTC,4.07757e-21,-46.94878573
Ab_217_UCA>VH:Y102C-TGT,5.8197500000000004e-24,-53.50078493
C118_UCA>VH:S31N-AAC;V93I-ATT;F106L-CTG;V107E-GAG;R108W-TGG,5.8685799999999996e-21,-46.58467426
Ab_217_UCA>VH:I106I-ATA;P107P-CCG;L108E-GAG,1.16541e-23,-52.80638418
002S21F2_UCA>VH:F106I-ATC,4.09661e-21,-46.94412715
CC631_UCA>VH:W99S-TCG,2.93583e-21,-47.27729675
CC631_UCA>VH:S105R-AGA,3.4700299999999995e-21,-47.11012371
CC631_UCA>VH:W99G-GGG;G112E-GAA,1.72299e-20,-45.50764071
Ab_217_UCA>VH:G99G-GGT;V100A-GCG;G101V-GTC;Y102S-AGT,3.8239100000000006e-24,-53.92076877
Ab_217_UCA>VH:P107A-GCC,5.44285e-24,-53.56773941
Ab_217_UCA>VH:I106I-ATT;P107R-CGC;L108L-CTC,3.45227e-24,-54.02301025
Ab_27_UCA>VH:I105T-ACT,6.61709e-18,-39.55687598
C118_UCA>VH:S31N-AAC;V64V-GTC;V93I-ATT;F106L-TTG,6.823379999999999e-21,-46.433932
C118_UCA>VH:S31N-AAC;L81L-CTT;A88A-GCC;A92A-GCC;V93V-GTG,4.69532e-21,-46.80772068
Ab_217_UCA>VH:G99G-GGT,1.28034e-23,-52.71233147
C118_UCA>VH:S31N-AAC;V93I-ATT;D110N-AAC,3.06952e-21,-47.23276576
C118_UCA>VH:Q13R-CGG;S31N-AAC;V93I-ATT;F106Y-TAT,2.45606e-21,-47.45572851
C118_UCA>VH:S31N-AAC;V93I-ATT;F106C-TGT;V107I-ATC;R108Q-CAG;G109R-AGG,7.683059999999999e-22,-48.61785414
Ab_217_UCA>VH:L108L-CTG,1.6946e-23,-52.43201041
Ab_217_UCA>VH:Y102H-CAT,8.07819e-24,-53.17287439
CC631_UCA>VH:W99C-TGT;S105H-CAT;I106V-GTT,8.432e-20,-43.91966787
Ab_27_UCA>VH:I102T-ACA,3.77319e-18,-40.11861088
Ab_217_UCA>VH:V100V-GTA,2.2116e-23,-52.1657409
Ab_27_UCA>VH:I105L-CTT,6.578030000000001e-18,-39.56279637
Ab_27_UCA>VH:I102V-GTA,9.85951e-18,-39.1580952
Ab_217_UCA>VH:G101V-GTC,4.1207e-24,-53.84601918
Ab_217_UCA>VH:L108V-GTA,1.06701e-23,-52.89459679
C118_UCA>VH:S31N-AAC;V93I-ATT;F106I-ATC;R108R-AGG;G109V-GTG,7.34241e-22,-48.66320492
Ab_217_UCA>VH:G99G-GGC,1.1635600000000001e-23,-52.80797287
C118_UCA>VH:S31N-AAC;V93I-ATT;R108R-CGT,1.24024e-21,-48.13898204
002S21F2_UCA>VH:G100A-GCA;F106Y-TAC,3.71734e-22,-49.34386369
CC631_UCA>VH:S88S-TCC,2.48556e-21,-47.44378897
C118_UCA>VH:S31N-AAC;V93I-ATT;V107L-CTG,5.41295e-21,-46.66549272
C118_UCA>VH:S31N-AAC;V93I-ATT;D110H-CAC,1.6847199999999998e-21,-47.83268757
Ab_27_UCA>VH:K101M-ATG;E103D-GAC,5.345760000000001e-18,-39.77022795
C118_UCA>VH:S31N-AAC;V93I-ATT;V107V-GTA,5.87888e-21,-46.58292069
Ab_217_UCA>VH:P107L-CTT;L108D-GAC,3.0222800000000003e-23,-51.85344563
002S21F2_UCA>VH:V105V-GTC,1.76535e-21,-47.78593798
Ab_217_UCA>VH:G101V-GTC;G117R-AGA,4.1207e-24,-53.84601918
Ab_217_UCA>VH:L108L-TTA,1.41647e-23,-52.61128928
C118_UCA>VH:S31N-AAC;V93I-ATT;G109E-GAG,1.4245299999999998e-21,-48.00044502
Ab_217_UCA>VH:P107L-CTC,7.03569e-24,-53.31104647
Ab_27_UCA>VH:I102L-TTA,8.47675e-18,-39.30920455
Ab_27_UCA>VH:I105V-GTT,5.17021e-18,-39.80361837
C118_UCA>VH:S31N-AAC;V93I-ATT;F106F-TTC;V107A-GCG;R108S-AGC;G109V-GTG;D110N-AAC,2.00344e-22,-49.96200634
002S21F2_UCA>VH:F106V-GTC;S119S-TCC,9.567179999999999e-21,-46.09594846
